,model,train_or_test,split_label,mcc,accuracy
0,LightGBMXT_BAG_L2,train,0,0.6166939610647304,0.7525975849480483
1,LightGBMXT_BAG_L2,test,0,0.6022334054824457,0.7405223251895535
2,XGBoost_BAG_L2,train,1,0.6232532922592351,0.7554057848918843
3,XGBoost_BAG_L2,test,1,0.5963711230442648,0.7371524852569503
4,WeightedEnsemble_L3,train,2,0.6130847962851946,0.7500702049985959
5,WeightedEnsemble_L3,test,2,0.6017454500609963,0.7405223251895535
6,LightGBMLarge_BAG_L2,train,3,0.6035190933489747,0.7430497051390059
7,LightGBMLarge_BAG_L2,test,3,0.6445097473348578,0.7708508845829823
