,model,train_or_test,split_label,mcc,accuracy,recall_0,recall_1,recall_2,precision_0,precision_1,precision_2
0,LightGBMXT_BAG_L2,train,0,0.6084199262044891,0.749185667752443,0.6764705882352942,0.7497206703910615,0.7881773399014779,0.6937354988399071,0.7040923399790137,0.8366013071895425
1,LightGBMXT_BAG_L2,test,0,0.49317119373487894,0.6788277511961722,0.44,0.7328571428571429,0.752411575562701,0.6390041493775933,0.6173285198555957,0.78
2,LightGBMXT_BAG_L2,train,1,0.6189383841746703,0.7565698478561549,0.639821029082774,0.7912087912087912,0.7820197044334976,0.715,0.703125,0.8523489932885906
3,LightGBMXT_BAG_L2,test,1,0.4647078124172621,0.6632775119617225,0.42452830188679247,0.7121879588839941,0.7265973254086181,0.5793991416309013,0.5972906403940886,0.7799043062200957
4,LightGBMXT_BAG_L2,train,2,0.6280107213415052,0.7623670827554323,0.6469248291571754,0.7935627081021087,0.7897934386391251,0.7082294264339152,0.7100297914597815,0.8609271523178808
5,LightGBMXT_BAG_L2,test,2,0.45519786998927214,0.659688995215311,0.3715170278637771,0.7475728155339806,0.7070063694267515,0.5911330049261084,0.5982241953385128,0.7816901408450704
6,LightGBMXT_BAG_L2,train,3,0.6467449518133824,0.775445002282063,0.636986301369863,0.8188720173535792,0.8002406738868832,0.7520215633423181,0.7238734419942474,0.8558558558558559
7,LightGBMXT_BAG_L2,test,3,0.4386919090189876,0.6453349282296651,0.36231884057971014,0.7153284671532847,0.7227414330218068,0.6218905472636815,0.5710955710955711,0.7569331158238173
