,model,train_or_test,split_label,mcc,accuracy,recall_0,recall_1,recall_2,precision_0,precision_1,precision_2
0,WeightedEnsemble_L3,train,0,0.5216563617281513,0.7051846831582514,0.7179775280898877,0.7304820095044128,0.6224489795918368,0.6608066184074457,0.7197324414715719,0.7484662576687117
1,WeightedEnsemble_L3,test,0,0.5045039493285083,0.6746411483253588,0.7028571428571428,0.7671428571428571,0.5546623794212219,0.6422976501305483,0.6026936026936027,0.8668341708542714
2,WeightedEnsemble_L3,train,1,0.5449728513066362,0.7220180420982292,0.7196969696969697,0.7687667560321716,0.6048526863084922,0.6785714285714286,0.7310388782664117,0.786036036036036
3,WeightedEnsemble_L3,test,1,0.432091394532185,0.6255980861244019,0.6666666666666666,0.7224669603524229,0.5081723625557206,0.5578947368421052,0.5553047404063205,0.8423645320197044
4,LightGBMXT_BAG_L2,train,2,0.5512523604304862,0.7245691111862116,0.7161716171617162,0.7764060356652949,0.6097972972972973,0.6859852476290832,0.7261064785118666,0.8004434589800443
5,LightGBMXT_BAG_L2,test,2,0.449826034467276,0.6435406698564593,0.6563467492260062,0.7545076282940361,0.5095541401273885,0.5921787709497207,0.5862068965517241,0.8290155440414507
6,LightGBMXT_BAG_L2,train,3,0.5481265966963067,0.7280672268907563,0.6535433070866141,0.8200531208499336,0.603448275862069,0.707673568818514,0.7167730702263494,0.8120649651972158
7,LightGBMXT_BAG_L2,test,3,0.4490389378265157,0.6375598086124402,0.6202898550724638,0.7635036496350365,0.5124610591900312,0.6131805157593123,0.5587606837606838,0.8501291989664083
