,model,train_or_test,split_label,mcc,accuracy
0,LightGBMXT_BAG_L2,train,0,0.6246120840353222,0.7598306110102844
1,LightGBMXT_BAG_L2,test,0,0.6016224133375314,0.7422867513611615
2,LightGBMXT_BAG_L2,train,1,0.6301909049562079,0.764065335753176
3,LightGBMXT_BAG_L2,test,1,0.5785160528049347,0.7313974591651543
4,LightGBMXT_BAG_L2,train,2,0.6350514205218549,0.7670901391409558
5,LightGBMXT_BAG_L2,test,2,0.5860901186214237,0.7332123411978222
6,LightGBMLarge_BAG_L2,train,3,0.6426925370402543,0.7725347852389595
7,LightGBMLarge_BAG_L2,test,3,0.5750145543544666,0.7259528130671506
