,model,train_or_test,split_label,mcc,accuracy,recall_0,recall_1,recall_2,precision_0,precision_1,precision_2
0,XGBoost_BAG_L2,train,0,0.6112635876505641,0.7503022974607013,0.7087087087087087,0.695024077046549,0.8194842406876791,0.6685552407932012,0.6972624798711755,0.8411764705882353
1,XGBoost_BAG_L2,test,0,0.3793861772468566,0.6034688995215312,0.4142857142857143,0.5785714285714286,0.7379421221864951,0.45741324921135645,0.5625,0.7228346456692913
2,WeightedEnsemble_L3,train,1,0.6197702977847891,0.7559952038369304,0.6947674418604651,0.7047619047619048,0.8328530259365994,0.6967930029154519,0.6981132075471698,0.8388969521044993
3,WeightedEnsemble_L3,test,1,0.4122567666678952,0.6297846889952153,0.4025157232704403,0.593245227606461,0.774145616641902,0.48120300751879697,0.5846599131693199,0.7286713286713287
4,WeightedEnsemble_L3,train,2,0.6256287517152119,0.7602950215119852,0.7103658536585366,0.7181964573268921,0.8230088495575221,0.7147239263803681,0.6990595611285266,0.8416289592760181
5,WeightedEnsemble_L3,test,2,0.3971378376963482,0.6220095693779905,0.37770897832817335,0.6477115117891817,0.7181528662420382,0.48031496062992124,0.5896464646464646,0.7204472843450479
6,LightGBMXT_BAG_L2,train,3,0.628966545351353,0.7639975918121613,0.647239263803681,0.7566302652106084,0.8256484149855908,0.7201365187713311,0.6968390804597702,0.8526785714285714
7,LightGBMXT_BAG_L2,test,3,0.38653604007590014,0.6100478468899522,0.4057971014492754,0.5941605839416059,0.7367601246105919,0.49469964664310956,0.5621546961325967,0.7112781954887218
