,model,train_or_test,split_label,mcc,accuracy,recall_0,recall_1,recall_2,precision_0,precision_1,precision_2
0,WeightedEnsemble_L3,train,0,0.4875659257460982,0.6926570779712339,0.7312348668280871,0.7312775330396476,0.5066079295154186,0.6637362637362637,0.7139784946236559,0.6824925816023739
1,WeightedEnsemble_L3,test,0,0.4170880786401224,0.6148325358851675,0.68,0.73,0.44855305466237944,0.576271186440678,0.55005382131324,0.8454545454545455
2,WeightedEnsemble_L3,train,1,0.5194398731934547,0.718209179834462,0.7216981132075472,0.7909156452775775,0.4728132387706856,0.688413948256468,0.7332887700534759,0.7326007326007326
3,WeightedEnsemble_L3,test,1,0.3746005680276658,0.5831339712918661,0.6226415094339622,0.7518355359765051,0.3937592867756315,0.5424657534246575,0.5140562248995983,0.8520900321543409
4,LightGBMXT_BAG_L2,train,2,0.5004737246937855,0.7037735849056603,0.7092614302461899,0.774981495188749,0.47757847533632286,0.6737193763919822,0.7083897158322057,0.7773722627737226
5,LightGBMXT_BAG_L2,test,2,0.3977835226667703,0.6052631578947368,0.6253869969040248,0.7753120665742025,0.3996815286624204,0.554945054945055,0.5485770363101079,0.8685121107266436
6,LightGBM_BAG_L2,train,3,0.5219184669830969,0.7223709369024857,0.6783132530120481,0.8300366300366301,0.4595238095238095,0.7153748411689962,0.71437578814628,0.7975206611570248
7,LightGBM_BAG_L2,test,3,0.38171575581265993,0.5867224880382775,0.5710144927536231,0.8043795620437956,0.3629283489096573,0.6024464831804281,0.5120817843866171,0.8661710037174721
