,Position,Wildtype,Distance
0,Res 1,A,17.676879691599986
1,Res 3,A,20.792831754575904
2,Res 5,I,24.7915793847044
3,Res 7,S,30.501349078670277
4,Res 8,A,32.110867925643184
5,Res 17,T,45.567633803827256
6,Res 21,A,46.30570336729699
7,Res 22,Q,47.19638209606114
8,Res 23,S,49.86476709981708
9,Res 26,E,46.26375371237401
10,Res 28,N,44.04623111550295
11,Res 29,K,42.905513200978035
12,Res 35,K,32.27199040521207
13,Res 43,Y,45.87473959103093
14,Res 44,G,49.07903227835692
15,Res 46,N,50.89078508708626
16,Res 49,P,46.57022255828933
17,Res 50,K,44.32676233293607
18,Res 51,P,40.188549851045885
19,Res 54,T,41.1401615553877
20,Res 61,T,44.59774364330219
21,Res 62,T,42.63352453713627
22,Res 63,Q,38.756204122391814
23,Res 64,N,36.41296933018509
24,Res 74,Q,31.341058013770056
25,Res 78,Q,33.93941140329485
26,Res 81,W,31.06313245021661
27,Res 88,Y,37.40507770860796
28,Res 91,S,44.52395662031172
29,Res 94,T,48.88426936399991
30,Res 98,S,37.8151290171619
31,Res 102,S,30.293417705047744
32,Res 106,F,22.98483214123175
33,Res 107,A,26.646042854429627
34,Res 109,S,27.209487512024186
35,Res 113,Y,24.240647607483595
36,Res 115,N,24.27329744057243
37,Res 117,E,29.176912834724313
38,Res 119,R,36.8947881124123
39,Res 120,P,38.87315483974256
40,Res 127,V,37.69893639916914
41,Res 129,V,36.04355123808696
42,Res 132,A,31.16493793509142
43,Res 133,N,33.19500289996975
44,Res 134,G,36.41809893567895
45,Res 135,Q,38.53662544103985
46,Res 139,S,36.5926212856267
47,Res 144,N,32.593362842608
48,Res 147,Q,33.923366134853126
49,Res 149,S,32.68930802144487
50,Res 150,S,34.714423007214165
51,Res 151,Y,36.44880956639051
52,Res 152,T,35.39894715107923
53,Res 154,P,35.276884304690235
54,Res 155,Q,37.078263847171975
55,Res 156,P,40.12780228410722
56,Res 157,G,38.157077628661504
57,Res 158,L,34.611258369260426
58,Res 160,R,34.58051176025017
59,Res 163,P,30.469785635762193
60,Res 164,T,26.460848492081656
61,Res 166,D,25.541811301804735
62,Res 167,L,22.011063725887944
