,model,train_or_test,split_label,mcc,accuracy,recall_0,recall_1,recall_2,precision_0,precision_1,precision_2
0,WeightedEnsemble_L3,train,0,0.5954214562760841,0.7381332269644995,0.7076923076923077,0.6898887276245766,0.8070267435762979,0.6377816291161178,0.709452736318408,0.8318918918918919
1,WeightedEnsemble_L3,test,0,0.646585910063166,0.7715311004784688,0.7314285714285714,0.7328571428571429,0.837620578778135,0.6719160104986877,0.75,0.8583196046128501
2,XGBoost_BAG_L2,train,1,0.603063674090192,0.7445153570003988,0.6623134328358209,0.7406519654841802,0.7963362068965517,0.6672932330827067,0.7013163867453472,0.8460217515741271
3,XGBoost_BAG_L2,test,1,0.6083549190886269,0.75,0.6666666666666666,0.7195301027900147,0.8202080237741456,0.6328358208955224,0.7111756168359942,0.8518518518518519
4,LightGBMXT_BAG_L2,train,2,0.6155580906857282,0.7528919026725169,0.6522961574507966,0.7585532746823069,0.8032614413466597,0.6946107784431138,0.6997294860234445,0.8511705685618729
5,LightGBMXT_BAG_L2,test,2,0.6061159227537155,0.7494019138755981,0.6811145510835913,0.7350901525658807,0.8009554140127388,0.6646525679758308,0.7171853856562923,0.8355481727574751
6,WeightedEnsemble_L3,train,3,0.6251997839503033,0.7590745911447946,0.691866028708134,0.7468780019212296,0.8097509273979863,0.6833648393194707,0.7205746061167748,0.8498331479421579
7,WeightedEnsemble_L3,test,3,0.6012528430058566,0.743421052631579,0.6753623188405797,0.7401459854014598,0.7834890965732088,0.6638176638176638,0.6916780354706685,0.8554421768707483
