,model,train_or_test,split_label,mcc,accuracy
0,LightGBMXT_BAG_L2,trainval,0,0.5973214698739557,0.7421220582369366
1,LightGBMXT_BAG_L2,test,0,0.6493189314937696,0.7751196172248804
2,WeightedEnsemble_L3,trainval,1,0.6157520084048137,0.7540885520542481
3,WeightedEnsemble_L3,test,1,0.6006164802654383,0.7446172248803827
4,LightGBMXT_BAG_L2,trainval,2,0.6290776390419991,0.7625124626121635
5,LightGBMXT_BAG_L2,test,2,0.5804402999412341,0.7289048473967684
6,WeightedEnsemble_L3,trainval,3,0.6153447830551216,0.7529411764705882
7,WeightedEnsemble_L3,test,3,0.5947699690864314,0.7414721723518851
