,model,train_or_test,split_label,mcc,accuracy
0,LightGBMXT_BAG_L2,train,0,0.6245255554776113,0.7619266055045871
1,LightGBMXT_BAG_L2,test,0,0.5928026072319782,0.7372764786795049
2,LightGBMXT_BAG_L2,train,1,0.6031623230290536,0.7477064220183486
3,LightGBMXT_BAG_L2,test,1,0.6390292499542185,0.7689133425034388
4,LightGBMXT_BAG_L2,train,2,0.6229920866111376,0.7591743119266054
5,LightGBMXT_BAG_L2,test,2,0.6183456681153833,0.7537826685006878
6,LightGBMXT_BAG_L2,train,3,0.6286067218432141,0.763302752293578
7,LightGBMXT_BAG_L2,test,3,0.5859096116321635,0.734525447042641
