,model,train_or_test,split_label,mcc,accuracy,recall_0,recall_1,recall_2,precision_0,precision_1,precision_2
0,LightGBM_BAG_L2,train,0,0.6032238270153972,0.7434451649281083,0.6811224489795918,0.7370956641431521,0.7877862595419848,0.6854942233632862,0.695906432748538,0.8397070789259561
1,LightGBM_BAG_L2,test,0,0.5700205869276724,0.7248803827751196,0.5914285714285714,0.7242857142857143,0.8006430868167203,0.6310975609756098,0.683288409703504,0.8272425249169435
2,WeightedEnsemble_L3,train,1,0.6312921432974823,0.7588415483152325,0.7573170731707317,0.724881995954147,0.7989130434782609,0.6706263498920086,0.732788002726653,0.8589315525876461
3,WeightedEnsemble_L3,test,1,0.5234533079495233,0.6949760765550239,0.610062893081761,0.6593245227606461,0.7711738484398217,0.5574712643678161,0.6622418879056047,0.8034055727554179
4,LightGBM_BAG_L2,train,2,0.625287409823983,0.7572302558398221,0.6761433868974042,0.7643400138217,0.7985074626865671,0.7012820512820512,0.7076135636596289,0.8539505187549881
5,LightGBM_BAG_L2,test,2,0.5136796825849645,0.6907894736842105,0.5851393188854489,0.7073509015256588,0.7261146496815286,0.574468085106383,0.6538461538461539,0.8099467140319716
6,WeightedEnsemble_L3,train,3,0.6232237576127139,0.7563451776649747,0.6834804539722572,0.7519004837595025,0.8055130168453293,0.7048114434330299,0.7087947882736156,0.8470209339774557
7,WeightedEnsemble_L3,test,3,0.536514066219261,0.7039473684210527,0.5623188405797102,0.7284671532846715,0.7538940809968847,0.6402640264026402,0.6463730569948186,0.8107202680067002
